{
	"name": "mess",
	"title": "Mess - Moerills enhancing super-suit(e)",
	"description": "This module is a mix of QoL changes, enhancements for my game and stuff i play around with. For a complete feature list check the URL down below.",
	"version": "0.7.0",
	"minimumCoreVersion": "0.6.0",
	"compatibleCoreVersion": "0.6.2",
	"author": "Moerill",
	"packs": [],
	"esmodules": ["scripts/index.js"],
	"styles": ["css/mess.css"],
	"languages": [
		{
			"lang": "en",
			"name": "English",
			"path": "lang/en.json"
		},
		{
			"lang": "de",
			"name": "Deutsch",
			"path": "lang/de.json"
		},
		{
			"lang": "ja",
			"name": "日本語",
			"path": "lang/jp.json"
		}
	],
	"manifest": "https://raw.githubusercontent.com/Moerill/mess/master/src/module.json",
	"url": "https://github.com/Moerill/mess",
	"download": "https://github.com/Moerill/mess/releases/download/v0.7.0/mess.zip"
}